{
    "accuracy": [
        0.0,
        0.5833333134651184,
        0.75,
        0.75,
        0.75,
        0.8333333134651184,
        1.0,
        1.0,
        1.0,
        1.0,
        1.0,
        1.0,
        1.0,
        1.0,
        1.0,
        1.0,
        1.0,
        1.0,
        1.0,
        1.0,
        1.0,
        1.0,
        1.0,
        1.0,
        1.0,
        1.0,
        1.0,
        1.0,
        1.0,
        1.0,
        1.0,
        1.0,
        1.0,
        1.0,
        1.0,
        1.0,
        1.0,
        1.0,
        1.0,
        1.0,
        1.0,
        1.0,
        1.0,
        1.0,
        1.0,
        1.0,
        1.0,
        1.0,
        1.0,
        1.0,
        1.0,
        1.0,
        1.0,
        1.0,
        1.0,
        1.0,
        1.0,
        1.0,
        1.0,
        1.0,
        1.0,
        1.0,
        1.0,
        1.0,
        1.0,
        1.0,
        1.0,
        1.0,
        1.0,
        1.0,
        1.0,
        1.0,
        1.0,
        1.0,
        1.0,
        1.0,
        1.0,
        1.0,
        1.0,
        1.0,
        1.0,
        1.0,
        1.0,
        1.0,
        1.0,
        1.0,
        1.0,
        1.0,
        1.0,
        1.0,
        1.0,
        1.0,
        1.0,
        1.0,
        1.0,
        1.0,
        1.0,
        1.0,
        1.0,
        1.0
    ],
    "loss": [
        2.3095920085906982,
        1.728068470954895,
        1.2430500984191895,
        0.9550750255584717,
        0.7058336138725281,
        0.5542486310005188,
        0.4173981249332428,
        0.27503326535224915,
        0.216868594288826,
        0.17587804794311523,
        0.11973126977682114,
        0.10593105107545853,
        0.07336341589689255,
        0.06227632239460945,
        0.04792448878288269,
        0.04677543416619301,
        0.038975756615400314,
        0.03332081437110901,
        0.03376924619078636,
        0.031650055199861526,
        0.0291028693318367,
        0.023035062476992607,
        0.02018502540886402,
        0.01582268439233303,
        0.016952475532889366,
        0.01413580309599638,
        0.01612204872071743,
        0.012019815854728222,
        0.010854773223400116,
        0.01010455284267664,
        0.009629993699491024,
        0.009764615446329117,
        0.009669734165072441,
        0.006864107679575682,
        0.00868657510727644,
        0.006761666852980852,
        0.0064567686058580875,
        0.007157960440963507,
        0.006459545344114304,
        0.00538155110552907,
        0.007068356033414602,
        0.00643747067078948,
        0.005795822013169527,
        0.005744066555052996,
        0.004616845399141312,
        0.005319854710251093,
        0.0037267347797751427,
        0.004354855045676231,
        0.004228855483233929,
        0.003343797056004405,
        0.003521526465192437,
        0.0035222817678004503,
        0.003246825188398361,
        0.0033958747517317533,
        0.0031326552852988243,
        0.003128364449366927,
        0.003202718449756503,
        0.002810300327837467,
        0.003009372390806675,
        0.0022093907464295626,
        0.0019669223111122847,
        0.001950773410499096,
        0.002122788457199931,
        0.0016152807511389256,
        0.0018720794469118118,
        0.0023654201067984104,
        0.0019587979186326265,
        0.0019712760113179684,
        0.001900669652968645,
        0.002015054225921631,
        0.001676703803241253,
        0.0015006853500381112,
        0.0013511435827240348,
        0.0014301965711638331,
        0.0014413092285394669,
        0.001647958648391068,
        0.0017721671611070633,
        0.0014103647554293275,
        0.0012705811532214284,
        0.0010355523554608226,
        0.002042881678789854,
        0.0013216505758464336,
        0.0016249860636889935,
        0.001212456845678389,
        0.0016557188937440515,
        0.0010780090233311057,
        0.00103976228274405,
        0.0013659601099789143,
        0.0013768974458798766,
        0.0013215187937021255,
        0.0007393729756586254,
        0.0011367296101525426,
        0.0009885868057608604,
        0.0007606596336700022,
        0.000940522353630513,
        0.0011797203915193677,
        0.0007738229469396174,
        0.001087056240066886,
        0.0009067878709174693,
        0.0009737567161209881
    ],
    "val_accuracy": [
        0.0,
        0.3333333432674408,
        0.3333333432674408,
        0.3333333432674408,
        0.3333333432674408,
        0.3333333432674408,
        0.3333333432674408,
        0.3333333432674408,
        0.3333333432674408,
        0.3333333432674408,
        0.3333333432674408,
        0.3333333432674408,
        0.3333333432674408,
        0.3333333432674408,
        0.3333333432674408,
        0.3333333432674408,
        0.3333333432674408,
        0.3333333432674408,
        0.3333333432674408,
        0.3333333432674408,
        0.3333333432674408,
        0.3333333432674408,
        0.3333333432674408,
        0.3333333432674408,
        0.3333333432674408,
        0.3333333432674408,
        0.3333333432674408,
        0.3333333432674408,
        0.3333333432674408,
        0.3333333432674408,
        0.3333333432674408,
        0.3333333432674408,
        0.3333333432674408,
        0.3333333432674408,
        0.3333333432674408,
        0.3333333432674408,
        0.3333333432674408,
        0.3333333432674408,
        0.3333333432674408,
        0.3333333432674408,
        0.3333333432674408,
        0.3333333432674408,
        0.3333333432674408,
        0.3333333432674408,
        0.3333333432674408,
        0.3333333432674408,
        0.3333333432674408,
        0.3333333432674408,
        0.3333333432674408,
        0.3333333432674408,
        0.3333333432674408,
        0.3333333432674408,
        0.3333333432674408,
        0.3333333432674408,
        0.3333333432674408,
        0.3333333432674408,
        0.3333333432674408,
        0.3333333432674408,
        0.3333333432674408,
        0.3333333432674408,
        0.3333333432674408,
        0.3333333432674408,
        0.3333333432674408,
        0.3333333432674408,
        0.3333333432674408,
        0.3333333432674408,
        0.3333333432674408,
        0.3333333432674408,
        0.3333333432674408,
        0.3333333432674408,
        0.3333333432674408,
        0.3333333432674408,
        0.3333333432674408,
        0.3333333432674408,
        0.3333333432674408,
        0.3333333432674408,
        0.3333333432674408,
        0.3333333432674408,
        0.3333333432674408,
        0.3333333432674408,
        0.3333333432674408,
        0.3333333432674408,
        0.3333333432674408,
        0.3333333432674408,
        0.3333333432674408,
        0.3333333432674408,
        0.3333333432674408,
        0.3333333432674408,
        0.3333333432674408,
        0.3333333432674408,
        0.3333333432674408,
        0.3333333432674408,
        0.3333333432674408,
        0.3333333432674408,
        0.3333333432674408,
        0.3333333432674408,
        0.3333333432674408,
        0.3333333432674408,
        0.3333333432674408,
        0.3333333432674408
    ],